{
  "accuracy": 0.9847533632286996,
  "precision": 0.9782608695652174,
  "recall": 0.9060402684563759,
  "f1": 0.9407665505226481,
  "roc_auc": 0.9913779926910945,
  "confusion_matrix": [
    [
      963,
      3
    ],
    [
      14,
      135
    ]
  ]
}